name,email,phone,document,password,birthday
Fredericka Fredi,Fredericka.Fredi@yopmail.com,34725922884,81071419706,llTvdp$j!b5zvXnK,1996-11-25T00:00:00.000Z
Sissy Roche,Sissy.Roche@yopmail.com,43679636043,96586245613,IsFtwy@jY4g*I,1995-01-14T00:00:00.000Z
Brooks Parsaye,Brooks.Parsaye@yopmail.com,28161043367,48236006735,l0w!bAuQb?bkhUl1,1994-04-05T00:00:00.000Z
Cyb Malvino,Cyb.Malvino@yopmail.com,53051051970,57586270112,A2%4t0RQX7mS,1996-09-29T00:00:00.000Z
Selia Shirberg,Selia.Shirberg@yopmail.com,3255776623,55118818486,fGn*rOwY3B,2001-03-31T00:00:00.000Z
Gretal Pitt,Gretal.Pitt@yopmail.com,3148532179,35164551608,vwBDXc7N*OVUzQHy,1997-10-18T00:00:00.000Z
Jeanna Bollay,Jeanna.Bollay@yopmail.com,14773164605,23464948285,hPt2TS?COhQuZ,1995-01-30T00:00:00.000Z
Cecile Frodi,Cecile.Frodi@yopmail.com,95629736825,15998401468,XI6%V8ZrfuUaKR,1999-07-12T00:00:00.000Z
Talya Isidore,Talya.Isidore@yopmail.com,49101450358,95720720642,@J?4UjhvqG&t$,2000-02-24T00:00:00.000Z
Sibella Abbot,Sibella.Abbot@yopmail.com,57868031539,18991247210,5K%gHbpu*,1997-10-17T00:00:00.000Z
Selia Karl,Selia.Karl@yopmail.com,33818103253,86991470074,aw@!@Eh#0r1K@7n4,1998-02-18T00:00:00.000Z
Lesly Joseph,Lesly.Joseph@yopmail.com,44523202039,15027402147,bk&xX!m?L8z,1998-01-17T00:00:00.000Z
Karly Munn,Karly.Munn@yopmail.com,56882720607,11605328421,js7qI!n6sliiwX@,1997-03-09T00:00:00.000Z
Marline Campball,Marline.Campball@yopmail.com,51164637545,62169489207,7pzHv50#,1996-03-16T00:00:00.000Z
Rosanne Markman,Rosanne.Markman@yopmail.com,21951018837,24665200602,C@p$4LSHb0XmAYiJ,1995-08-01T00:00:00.000Z
Nanete Therine,Nanete.Therine@yopmail.com,6896434918,21362815004,%d&Nxw9TB$b8Ktn,2000-12-05T00:00:00.000Z
Ann-Marie Pearse,Ann-Marie.Pearse@yopmail.com,60554463649,40515966649,P6OWGD@c,1998-05-22T00:00:00.000Z
Daphne Tufts,Daphne.Tufts@yopmail.com,65587039673,97369276520,SIQv6#9#mQ,1998-07-11T00:00:00.000Z
Flory Stav,Flory.Stav@yopmail.com,70024274679,73809274267,%wC0&bXgp,1995-02-15T00:00:00.000Z
Blondelle Ferrell,Blondelle.Ferrell@yopmail.com,8025690096,14590884763,?IoLcyZr&xju9,2000-04-12T00:00:00.000Z
Cyb Nahum,Cyb.Nahum@yopmail.com,63775364218,94321262771,mfyobJ2XXJLr&r$,2001-12-23T00:00:00.000Z
Joceline Chrystel,Joceline.Chrystel@yopmail.com,29532414464,42702450776,R!@1H$A&25Zw8HpI,1994-12-25T00:00:00.000Z
Binny Lilas,Binny.Lilas@yopmail.com,45068147935,82385451107,Pq#4CJ!*l,2001-11-24T00:00:00.000Z
Starla Emmaline,Starla.Emmaline@yopmail.com,88174964165,97158684873,k5*bTlRAtPl%kV,2000-01-03T00:00:00.000Z
Antonietta Yate,Antonietta.Yate@yopmail.com,28652278350,13945295971,l9b37k&BKBu!2,1996-05-22T00:00:00.000Z
Elora Henebry,Elora.Henebry@yopmail.com,99993042997,63313549802,vTfh4hJ#cj4q,2000-04-09T00:00:00.000Z
Marnia Kaete,Marnia.Kaete@yopmail.com,62046507635,90122496000,W&tX@bnBypjR1,1997-12-05T00:00:00.000Z
Emelina Phi,Emelina.Phi@yopmail.com,96428480430,22702888313,DuKVTL#dUee9mXUV,1994-09-24T00:00:00.000Z
Annaliese Ardra,Annaliese.Ardra@yopmail.com,35594441182,99744224509,7z2AiMl$*,1998-12-04T00:00:00.000Z
Lynde Thad,Lynde.Thad@yopmail.com,93840882406,46698365874,bD0$IDF@?vG!U,1999-12-26T00:00:00.000Z
Isa Norvol,Isa.Norvol@yopmail.com,86309636234,50458874671,fs3#YRdha1kZICK,1996-07-24T00:00:00.000Z
Helena Breed,Helena.Breed@yopmail.com,86515944352,65937995210,HxouB@1lk!,1995-02-06T00:00:00.000Z
Rosene Lea,Rosene.Lea@yopmail.com,70130981478,53406715770,rGelq8Jzg!,1998-01-12T00:00:00.000Z
Drucie Killigrew,Drucie.Killigrew@yopmail.com,25977930443,12556271159,&VZ9r@qX5yQRrLhE,1997-11-27T00:00:00.000Z
Lexine Center,Lexine.Center@yopmail.com,35183043428,62275497463,j2TRNOBrvo@,2001-08-31T00:00:00.000Z
Andree Iphlgenia,Andree.Iphlgenia@yopmail.com,68485618348,29380109237,*yxrMtS%gq*uu1wD,2000-08-12T00:00:00.000Z
Philis Winnick,Philis.Winnick@yopmail.com,45479309636,39031231290,XxwiZRY&3eJLvvVE,1994-04-13T00:00:00.000Z
Briney Chapland,Briney.Chapland@yopmail.com,81636268546,29731907890,aH?vf90Iri,1995-08-07T00:00:00.000Z
Kellen Roarke,Kellen.Roarke@yopmail.com,19926134893,44135377343,mKH2xW#Tnx,1997-05-04T00:00:00.000Z
Kerrin Lauraine,Kerrin.Lauraine@yopmail.com,58989971328,49223604095,axHIPpzc6k?,2000-07-20T00:00:00.000Z
Janey Tiffa,Janey.Tiffa@yopmail.com,30369536527,31451337051,QV&Db8bSjK,2000-02-23T00:00:00.000Z
Melanie Carey,Melanie.Carey@yopmail.com,71480615101,31466067209,b5Ac8fgY?UbzI33g,1999-04-17T00:00:00.000Z
Arabel Han,Arabel.Han@yopmail.com,2625323885,33781546403,30n?eMhZ$,1998-06-24T00:00:00.000Z
Bernie Leler,Bernie.Leler@yopmail.com,81049089712,74744620876,oRkjb3b7Vz&1m3,1997-09-01T00:00:00.000Z
Angelique Vorster,Angelique.Vorster@yopmail.com,87623529527,55314239779,g&rUfunef6,1999-07-14T00:00:00.000Z
Dominga Beebe,Dominga.Beebe@yopmail.com,29523643962,72973824184,*j2%9@Bq,1998-10-31T00:00:00.000Z
Alisha Dannye,Alisha.Dannye@yopmail.com,20367825671,17148157900,7$ukwJ9h?o1,2001-07-28T00:00:00.000Z
Clary Leler,Clary.Leler@yopmail.com,89234476717,33793245748,Of@f4Fx%G!cP$,1999-12-10T00:00:00.000Z
Sibella Rossner,Sibella.Rossner@yopmail.com,26321260893,73658883774,G4H4J3N#Wi,2001-12-04T00:00:00.000Z
Sandie Granoff,Sandie.Granoff@yopmail.com,78127642695,45568730610,7kxQoGfKZ8?sBJvE,1995-03-08T00:00:00.000Z
Anthia Aldric,Anthia.Aldric@yopmail.com,52524763930,81663305552,w1&*GdhZ*KNN,1999-04-17T00:00:00.000Z
Joelly Weide,Joelly.Weide@yopmail.com,54811053575,83451689308,hhdTK6h5%JNZ,2000-11-14T00:00:00.000Z
Letizia Jotham,Letizia.Jotham@yopmail.com,81039577095,33576293990,Frg%RYgc6VRN&9Vi,2000-01-29T00:00:00.000Z
